TeamAbbrev,TeamLoc,TeamNickname,TeamFull,ColorPriority,Hex,MLBid
ARI,Arizona,Diamondbacks,Arizona Diamondbacks,1,#A71930,ari
ARI,Arizona,Diamondbacks,Arizona Diamondbacks,2,#000000,ari
ARI,Arizona,Diamondbacks,Arizona Diamondbacks,3,#DBCEAC,ari
ATL,Atlanta,Braves,Atlanta Braves,1,#002F5F,atl
ATL,Atlanta,Braves,Atlanta Braves,2,#B71234,atl
BAL,Baltimore,Orioles,Baltimore Orioles,1,#F54C1E,bal
BAL,Baltimore,Orioles,Baltimore Orioles,2,#000000,al
BOS,Boston,Red Sox,Boston Red Sox,1,#C62033,bos
BOS,Boston,Red Sox,Boston Red Sox,2,#1A3553,bos
BOS,Boston,Red Sox,Boston Red Sox,3,#002244,bos
CHC,Chicago,Cubs,Chicago Cubs,1,#003279,chn
CHC,Chicago,Cubs,Chicago Cubs,2,#CC0033,chn
CWS,Chicago,White Sox,Chicago White Sox,1,#000000,cha
CWS,Chicago,White Sox,Chicago White Sox,2,#C0C0C0,cha
CIN,Cincinnati,Reds,Cincinnati Reds,1,#C6011F,cin
CIN,Cincinnati,Reds,Cincinnati Reds,2,#000000,cin
CLE,Cleveland,Indians,Cleveland Indians,1,#D30335,cle
CLE,Cleveland,Indians,Cleveland Indians,2,#003366,cle
COL,Colorado,Rockies,Colorado Rockies,1,#000000,col
COL,Colorado,Rockies,Colorado Rockies,2,#333366,col
COL,Colorado,Rockies,Colorado Rockies,3,#C0C0C0,col
DET,Detroit,Tigers,Detroit Tigers,1,#001742,det
DET,Detroit,Tigers,Detroit Tigers,2,#DE4406,det
HOU,Houston,Astros,Houston Astros,1,#072854,hou
HOU,Houston,Astros,Houston Astros,2,#FF7F00,hou
KC,Kansas City,Royals,Kansas City Royals,3,#74B4FA,kca
KC,Kansas City,Royals,Kansas City Royals,2,#AB8F45,kca
KC,Kansas City,Royals,Kansas City Royals,1,#15317E,kca
LAA,Los Angeles,Angels,Los Angeles Angels,1,#B71234,ana
LAA,Los Angeles,Angels,Los Angeles Angels,2,#002244,ana
LAD,Los Angeles,Dodgers,Los Angeles Dodgers,1,#083C6B,lan
LAD,Los Angeles,Dodgers,Los Angeles Dodgers,2,#FFFFFF,lan
MIA,Miami,Marlins,Miami Marlins,1,#ED4F20,mia
MIA,Miami,Marlins,Miami Marlins,2,#0682C9,mia
MIA,Miami,Marlins,Miami Marlins,3,#8A8D8F,mia
MIA,Miami,Marlins,Miami Marlins,4,#000000,mia
MIA,Miami,Marlins,Miami Marlins,5,#FFD100,mia
MIL,Milwaukee,Brewers,Milwaukee Brewers,1,#182B49,mil
MIL,Milwaukee,Brewers,Milwaukee Brewers,2,#92754C,mil
MIN,Minnesota,Twins,Minnesota Twins,1,#072754,min
MIN,Minnesota,Twins,Minnesota Twins,2,#C6011F,min
NYM,New York,Mets,New York Mets,1,#004784,nyn
NYM,New York,Mets,New York Mets,2,#FB4F14,nyn
NYY,New York,Yankees,New York Yankees,1,#1C2841,nya
NYY,New York,Yankees,New York Yankees,2,#808080,nya
OAK,Oakland,Athletics,Oakland Athletics,1,#003831,oak
OAK,Oakland,Athletics,Oakland Athletics,2,#FFD800,oak
PHI,Philadelphia,Phillies,Philadelphia Phillies,1,#BA0C2F,phi
PHI,Philadelphia,Phillies,Philadelphia Phillies,2,#003087,phi
PIT,Pittsburgh,Pirates,Pittsburgh Pirates,2,#000000,pit
PIT,Pittsburgh,Pirates,Pittsburgh Pirates,1,#FDB829,pit
SD,San Diego,Padres,San Diego Padres,1,#002147,sdn
SD,San Diego,Padres,San Diego Padres,2,#B4A76C,sdn
SF,San Francisco,Giants,San Francisco Giants,2,#000000,sfn
SF,San Francisco,Giants,San Francisco Giants,1,#FE5A1D,sfn
SF,San Francisco,Giants,San Francisco Giants,3,#FFFDD0,sfn
SEA,Seattle,Mariners,Seattle Mariners,1,#0C2C56,sea
SEA,Seattle,Mariners,Seattle Mariners,2,#005C5C,sea
SEA,Seattle,Mariners,Seattle Mariners,3,#C0C0C0,sea
STL,St. Louis,Cardinals,St. Louis Cardinals,1,#CD1320,stl
STL,St. Louis,Cardinals,St. Louis Cardinals,2,#0A2252,stl
STL,St. Louis,Cardinals,St. Louis Cardinals,3,#E5FF00,stl
TB,Tampa Bay,Rays,Tampa Bay Rays,1,#00285D,tba
TB,Tampa Bay,Rays,Tampa Bay Rays,2,#9ECEEE,tba
TB,Tampa Bay,Rays,Tampa Bay Rays,3,#FFD700,tba
TEX,Texas,Rangers,Texas Rangers,1,#BD1021,tex
TEX,Texas,Rangers,Texas Rangers,2,#003279,tex
TOR,Toronto,Blue Jays,Toronto Blue Jays,1,#003DA5,tor
TOR,Toronto,Blue Jays,Toronto Blue Jays,2,#041E42,tor
TOR,Toronto,Blue Jays,Toronto Blue Jays,3,#DA291C,tor
WAS,Washington,Nationals,Washington Nationals,1,#BA122B,was
WAS,Washington,Nationals,Washington Nationals,2,#11225B,was
FG,,,,1,#50ae26,
FG,,,,2,#97E27B,
FG,,,,3,#225113,
FGCB,,,,1,#336699,
FGCB,,,,2,#829DC3,
FGCB,,,,3,#10274D,
THT,,,,1,#8e001c,
THT,,,,2,#D68084,
THT,,,,3,#3D0104,
AL,,,,1,#AB0616,
NL,,,,1,#115394,
FGContrast,,,,1,#EAC337,